/*
Navicat MySQL Data Transfer

Source Server         : yangzhigao
Source Server Version : 50716
Source Host           : localhost:3306
Source Database       : oauth2

Target Server Type    : MYSQL
Target Server Version : 50716
File Encoding         : 65001

Date: 2019-05-16 21:30:58
*/

SET FOREIGN_KEY_CHECKS=0;

-- ----------------------------
-- Table structure for clientdetails
-- ----------------------------
DROP TABLE IF EXISTS `clientdetails`;
CREATE TABLE `clientdetails` (
  `appId` varchar(128) NOT NULL,
  `resourceIds` varchar(256) DEFAULT NULL,
  `appSecret` varchar(256) DEFAULT NULL,
  `scope` varchar(256) DEFAULT NULL,
  `grantTypes` varchar(256) DEFAULT NULL,
  `redirectUrl` varchar(256) DEFAULT NULL,
  `authorities` varchar(256) DEFAULT NULL,
  `access_token_validity` int(11) DEFAULT NULL,
  `refresh_token_validity` int(11) DEFAULT NULL,
  `additionalInformation` varchar(4096) DEFAULT NULL,
  `autoApproveScopes` varchar(256) DEFAULT NULL,
  PRIMARY KEY (`appId`)
) ENGINE=InnoDB DEFAULT CHARSET=utf8;

-- ----------------------------
-- Records of clientdetails
-- ----------------------------

-- ----------------------------
-- Table structure for oauth_access_token
-- ----------------------------
DROP TABLE IF EXISTS `oauth_access_token`;
CREATE TABLE `oauth_access_token` (
  `token_id` varchar(256) DEFAULT NULL,
  `token` blob,
  `authentication_id` varchar(256) NOT NULL,
  `user_name` varchar(256) DEFAULT NULL,
  `client_id` varchar(256) DEFAULT NULL,
  `authentication` blob,
  `refresh_token` varchar(256) DEFAULT NULL,
  PRIMARY KEY (`authentication_id`)
) ENGINE=InnoDB DEFAULT CHARSET=utf8;

-- ----------------------------
-- Records of oauth_access_token
-- ----------------------------
INSERT INTO `oauth_access_token` VALUES ('2a3bd4cc4747e1b540f025893838b7cc', 0xACED0005737200436F72672E737072696E676672616D65776F726B2E73656375726974792E6F61757468322E636F6D6D6F6E2E44656661756C744F4175746832416363657373546F6B656E0CB29E361B24FACE0200064C00156164646974696F6E616C496E666F726D6174696F6E74000F4C6A6176612F7574696C2F4D61703B4C000A65787069726174696F6E7400104C6A6176612F7574696C2F446174653B4C000C72656672657368546F6B656E74003F4C6F72672F737072696E676672616D65776F726B2F73656375726974792F6F61757468322F636F6D6D6F6E2F4F417574683252656672657368546F6B656E3B4C000573636F706574000F4C6A6176612F7574696C2F5365743B4C0009746F6B656E547970657400124C6A6176612F6C616E672F537472696E673B4C000576616C756571007E000578707372001E6A6176612E7574696C2E436F6C6C656374696F6E7324456D7074794D6170593614855ADCE7D002000078707372000E6A6176612E7574696C2E44617465686A81014B597419030000787077080000016AC3576DEE7870737200256A6176612E7574696C2E436F6C6C656374696F6E7324556E6D6F6469666961626C65536574801D92D18F9B80550200007872002C6A6176612E7574696C2E436F6C6C656374696F6E7324556E6D6F6469666961626C65436F6C6C656374696F6E19420080CB5EF71E0200014C0001637400164C6A6176612F7574696C2F436F6C6C656374696F6E3B7870737200176A6176612E7574696C2E4C696E6B656448617368536574D86CD75A95DD2A1E020000787200116A6176612E7574696C2E48617368536574BA44859596B8B7340300007870770C000000023F400000000000017400036170707874000662656172657274002435333134316264392D326364392D346264362D386339322D333666646666333937336635, '8502edc3f4c61f1000b1932e6a3756f1', 'admin', 'client', 0xACED0005737200416F72672E737072696E676672616D65776F726B2E73656375726974792E6F61757468322E70726F76696465722E4F417574683241757468656E7469636174696F6EBD400B02166252130200024C000D73746F7265645265717565737474003C4C6F72672F737072696E676672616D65776F726B2F73656375726974792F6F61757468322F70726F76696465722F4F4175746832526571756573743B4C00127573657241757468656E7469636174696F6E7400324C6F72672F737072696E676672616D65776F726B2F73656375726974792F636F72652F41757468656E7469636174696F6E3B787200476F72672E737072696E676672616D65776F726B2E73656375726974792E61757468656E7469636174696F6E2E416273747261637441757468656E7469636174696F6E546F6B656ED3AA287E6E47640E0200035A000D61757468656E746963617465644C000B617574686F7269746965737400164C6A6176612F7574696C2F436F6C6C656374696F6E3B4C000764657461696C737400124C6A6176612F6C616E672F4F626A6563743B787000737200266A6176612E7574696C2E436F6C6C656374696F6E7324556E6D6F6469666961626C654C697374FC0F2531B5EC8E100200014C00046C6973747400104C6A6176612F7574696C2F4C6973743B7872002C6A6176612E7574696C2E436F6C6C656374696F6E7324556E6D6F6469666961626C65436F6C6C656374696F6E19420080CB5EF71E0200014C00016371007E00047870737200136A6176612E7574696C2E41727261794C6973747881D21D99C7619D03000149000473697A65787000000002770400000002737200426F72672E737072696E676672616D65776F726B2E73656375726974792E636F72652E617574686F726974792E53696D706C654772616E746564417574686F7269747900000000000001FE0200014C0004726F6C657400124C6A6176612F6C616E672F537472696E673B787074000561646D696E7371007E000D740004757365727871007E000C707372003A6F72672E737072696E676672616D65776F726B2E73656375726974792E6F61757468322E70726F76696465722E4F41757468325265717565737400000000000000010200075A0008617070726F7665644C000B617574686F72697469657371007E00044C000A657874656E73696F6E7374000F4C6A6176612F7574696C2F4D61703B4C000B726564697265637455726971007E000E4C00077265667265736874003B4C6F72672F737072696E676672616D65776F726B2F73656375726974792F6F61757468322F70726F76696465722F546F6B656E526571756573743B4C000B7265736F7572636549647374000F4C6A6176612F7574696C2F5365743B4C000D726573706F6E7365547970657371007E0016787200386F72672E737072696E676672616D65776F726B2E73656375726974792E6F61757468322E70726F76696465722E426173655265717565737436287A3EA37169BD0200034C0008636C69656E74496471007E000E4C001172657175657374506172616D657465727371007E00144C000573636F706571007E00167870740006636C69656E74737200256A6176612E7574696C2E436F6C6C656374696F6E7324556E6D6F6469666961626C654D6170F1A5A8FE74F507420200014C00016D71007E00147870737200116A6176612E7574696C2E486173684D61700507DAC1C31660D103000246000A6C6F6164466163746F724900097468726573686F6C6478703F400000000000067708000000080000000474000D726573706F6E73655F74797065740004636F6465740004636F646574000673377546514574000A6772616E745F74797065740012617574686F72697A6174696F6E5F636F6465740009636C69656E745F696471007E001978737200256A6176612E7574696C2E436F6C6C656374696F6E7324556E6D6F6469666961626C65536574801D92D18F9B80550200007871007E0009737200176A6176612E7574696C2E4C696E6B656448617368536574D86CD75A95DD2A1E020000787200116A6176612E7574696C2E48617368536574BA44859596B8B7340300007870770C000000103F4000000000000174000361707078017371007E0028770C000000103F40000000000000787371007E001C3F400000000000007708000000100000000078740014687474703A2F2F7777772E62616964752E636F6D707371007E0028770C000000103F40000000000000787371007E0028770C000000103F4000000000000171007E001F787372004F6F72672E737072696E676672616D65776F726B2E73656375726974792E61757468656E7469636174696F6E2E557365726E616D6550617373776F726441757468656E7469636174696F6E546F6B656E00000000000001FE0200024C000B63726564656E7469616C7371007E00054C00097072696E636970616C71007E00057871007E0003017371007E00077371007E000B0000000277040000000271007E000F71007E00117871007E0033737200486F72672E737072696E676672616D65776F726B2E73656375726974792E7765622E61757468656E7469636174696F6E2E57656241757468656E7469636174696F6E44657461696C7300000000000001FE0200024C000D72656D6F74654164647265737371007E000E4C000973657373696F6E496471007E000E787074000F303A303A303A303A303A303A303A31740020374334343639434631363233313133453531303537353739383244413333354670737200326F72672E737072696E676672616D65776F726B2E73656375726974792E636F72652E7573657264657461696C732E5573657200000000000001FE0200075A00116163636F756E744E6F6E457870697265645A00106163636F756E744E6F6E4C6F636B65645A001563726564656E7469616C734E6F6E457870697265645A0007656E61626C65644C000B617574686F72697469657371007E00164C000870617373776F726471007E000E4C0008757365726E616D6571007E000E7870010101017371007E0025737200116A6176612E7574696C2E54726565536574DD98509395ED875B0300007870737200466F72672E737072696E676672616D65776F726B2E73656375726974792E636F72652E7573657264657461696C732E5573657224417574686F72697479436F6D70617261746F7200000000000001FE020000787077040000000271007E000F71007E0011787074000561646D696E, null);

-- ----------------------------
-- Table structure for oauth_approvals
-- ----------------------------
DROP TABLE IF EXISTS `oauth_approvals`;
CREATE TABLE `oauth_approvals` (
  `userId` varchar(256) DEFAULT NULL,
  `clientId` varchar(256) DEFAULT NULL,
  `scope` varchar(256) DEFAULT NULL,
  `status` varchar(10) DEFAULT NULL,
  `expiresAt` timestamp NULL DEFAULT NULL ON UPDATE CURRENT_TIMESTAMP,
  `lastModifiedAt` timestamp NULL DEFAULT NULL ON UPDATE CURRENT_TIMESTAMP
) ENGINE=InnoDB DEFAULT CHARSET=utf8;

-- ----------------------------
-- Records of oauth_approvals
-- ----------------------------

-- ----------------------------
-- Table structure for oauth_client_details
-- ----------------------------
DROP TABLE IF EXISTS `oauth_client_details`;
CREATE TABLE `oauth_client_details` (
  `client_id` varchar(128) NOT NULL,
  `resource_ids` varchar(256) DEFAULT NULL,
  `client_secret` varchar(256) DEFAULT NULL,
  `scope` varchar(256) DEFAULT NULL,
  `authorized_grant_types` varchar(256) DEFAULT NULL,
  `web_server_redirect_uri` varchar(256) DEFAULT NULL,
  `authorities` varchar(256) DEFAULT NULL,
  `access_token_validity` int(11) DEFAULT NULL,
  `refresh_token_validity` int(11) DEFAULT NULL,
  `additional_information` varchar(4096) DEFAULT NULL,
  `autoapprove` varchar(256) DEFAULT NULL,
  PRIMARY KEY (`client_id`)
) ENGINE=InnoDB DEFAULT CHARSET=utf8;

-- ----------------------------
-- Records of oauth_client_details
-- ----------------------------
INSERT INTO `oauth_client_details` VALUES ('client', null, '$2a$10$kJCYB9wdrqZjeebURKasFObxF.B8g2UGSvf4rKtcilpOTtzn7Hg8e', 'app', 'authorization_code', 'http://www.baidu.com', null, null, null, null, null);

-- ----------------------------
-- Table structure for oauth_client_token
-- ----------------------------
DROP TABLE IF EXISTS `oauth_client_token`;
CREATE TABLE `oauth_client_token` (
  `token_id` varchar(256) DEFAULT NULL,
  `token` blob,
  `authentication_id` varchar(256) NOT NULL,
  `user_name` varchar(256) DEFAULT NULL,
  `client_id` varchar(256) DEFAULT NULL,
  PRIMARY KEY (`authentication_id`)
) ENGINE=InnoDB DEFAULT CHARSET=utf8;

-- ----------------------------
-- Records of oauth_client_token
-- ----------------------------

-- ----------------------------
-- Table structure for oauth_code
-- ----------------------------
DROP TABLE IF EXISTS `oauth_code`;
CREATE TABLE `oauth_code` (
  `code` varchar(256) DEFAULT NULL,
  `authentication` blob
) ENGINE=InnoDB DEFAULT CHARSET=utf8;

-- ----------------------------
-- Records of oauth_code
-- ----------------------------

-- ----------------------------
-- Table structure for oauth_refresh_token
-- ----------------------------
DROP TABLE IF EXISTS `oauth_refresh_token`;
CREATE TABLE `oauth_refresh_token` (
  `token_id` varchar(256) DEFAULT NULL,
  `token` blob,
  `authentication` blob
) ENGINE=InnoDB DEFAULT CHARSET=utf8;

-- ----------------------------
-- Records of oauth_refresh_token
-- ----------------------------

-- ----------------------------
-- Table structure for t_authority
-- ----------------------------
DROP TABLE IF EXISTS `t_authority`;
CREATE TABLE `t_authority` (
  `id` int(11) NOT NULL AUTO_INCREMENT COMMENT '主键',
  `authority_name` varchar(64) DEFAULT '' COMMENT '权限名称',
  `icon` varchar(255) DEFAULT '' COMMENT '图标',
  `uri` varchar(255) DEFAULT '' COMMENT '请求uri',
  `permission` varchar(1000) DEFAULT '',
  PRIMARY KEY (`id`) USING BTREE
) ENGINE=InnoDB AUTO_INCREMENT=7 DEFAULT CHARSET=utf8 ROW_FORMAT=DYNAMIC;

-- ----------------------------
-- Records of t_authority
-- ----------------------------
INSERT INTO `t_authority` VALUES ('1', '查询用户列表', '', '/user/list', 'admin');
INSERT INTO `t_authority` VALUES ('2', '查询角色列表', '', '/role/list', 'user');
INSERT INTO `t_authority` VALUES ('3', '查询资源', '', '/content/**', 'admin');
INSERT INTO `t_authority` VALUES ('4', '增加资源', '', '/content/add/**', 'admin');
INSERT INTO `t_authority` VALUES ('5', '删除资源', '', '/content/delete/**', 'admin');
INSERT INTO `t_authority` VALUES ('6', '修改资源', '', '/content/update/**', 'admin');

-- ----------------------------
-- Table structure for t_role
-- ----------------------------
DROP TABLE IF EXISTS `t_role`;
CREATE TABLE `t_role` (
  `id` int(11) NOT NULL AUTO_INCREMENT COMMENT '主键',
  `role_name` varchar(64) DEFAULT '' COMMENT '角色名称',
  PRIMARY KEY (`id`) USING BTREE
) ENGINE=InnoDB AUTO_INCREMENT=3 DEFAULT CHARSET=utf8 ROW_FORMAT=DYNAMIC;

-- ----------------------------
-- Records of t_role
-- ----------------------------
INSERT INTO `t_role` VALUES ('1', 'admin');
INSERT INTO `t_role` VALUES ('2', '普通用户');

-- ----------------------------
-- Table structure for t_role_authority
-- ----------------------------
DROP TABLE IF EXISTS `t_role_authority`;
CREATE TABLE `t_role_authority` (
  `role_id` int(11) NOT NULL DEFAULT '0' COMMENT '角色id',
  `authority_id` int(11) NOT NULL DEFAULT '0' COMMENT '权限id',
  PRIMARY KEY (`role_id`,`authority_id`) USING BTREE
) ENGINE=InnoDB DEFAULT CHARSET=utf8 ROW_FORMAT=DYNAMIC;

-- ----------------------------
-- Records of t_role_authority
-- ----------------------------
INSERT INTO `t_role_authority` VALUES ('1', '1');
INSERT INTO `t_role_authority` VALUES ('1', '2');
INSERT INTO `t_role_authority` VALUES ('2', '1');

-- ----------------------------
-- Table structure for t_user
-- ----------------------------
DROP TABLE IF EXISTS `t_user`;
CREATE TABLE `t_user` (
  `id` int(11) NOT NULL COMMENT '主键',
  `username` varchar(32) DEFAULT '' COMMENT '用户名',
  `password` varchar(256) DEFAULT '' COMMENT '密码',
  `role_id` int(11) DEFAULT '0' COMMENT '角色id',
  PRIMARY KEY (`id`) USING BTREE
) ENGINE=InnoDB DEFAULT CHARSET=utf8 ROW_FORMAT=DYNAMIC;

-- ----------------------------
-- Records of t_user
-- ----------------------------
INSERT INTO `t_user` VALUES ('1', 'admin', '$2a$10$oNa8T2uhYThFd7.Z2fFe4ulbj.uqlZ15LjuL4bTYvlZDS4SPkpgBO', '1');
INSERT INTO `t_user` VALUES ('2', 'guest', '$2a$10$oNa8T2uhYThFd7.Z2fFe4ulbj.uqlZ15LjuL4bTYvlZDS4SPkpgBO', '2');

-- ----------------------------
-- Table structure for user_role
-- ----------------------------
DROP TABLE IF EXISTS `user_role`;
CREATE TABLE `user_role` (
  `user_id` int(11) NOT NULL,
  `role_id` int(11) NOT NULL,
  PRIMARY KEY (`user_id`,`role_id`) USING BTREE
) ENGINE=InnoDB DEFAULT CHARSET=utf8 ROW_FORMAT=DYNAMIC;

-- ----------------------------
-- Records of user_role
-- ----------------------------
INSERT INTO `user_role` VALUES ('1', '1');
INSERT INTO `user_role` VALUES ('1', '2');
INSERT INTO `user_role` VALUES ('2', '2');
